base_id	name	category_id	confidence	source	status	notes
	海竜の牙	1	confirmed-name	current-wiki; absent-v5.10	unresolved-id	ID確定まで書込不可
	夜蝶のナイフ	1	confirmed-name	current-wiki+confiture; absent-v5.10	unresolved-id	ID確定まで書込不可
	メリクルレイピア	1	confirmed-name	current-wiki; absent-v5.10	unresolved-id	ID確定まで書込不可
	ナイトセイバー	1	confirmed-name	current-wiki+skill-page; absent-v5.10	unresolved-id	ID確定まで書込不可
	大地龍の爪	1	confirmed-name	current-wiki+synthesis; absent-v5.10	unresolved-id	ID確定まで書込不可
	十字手裏剣	1	confirmed-name	current-wiki; absent-v5.10	unresolved-id	ID確定まで書込不可
	チャクラム	1	confirmed-name	current-wiki+skill-page; absent-v5.10	unresolved-id	ID確定まで書込不可
	首狩りの投げナタ	1	confirmed-name	current-wiki+skill-page; absent-v5.10	unresolved-id	ID確定まで書込不可
	死神の鎌	1	confirmed-name	current-wiki; absent-v5.10	unresolved-id	ID確定まで書込不可
